id,question,category,standard-answer,standard-eval,domain-answer,domain-eval,rdf-onto-answer,rdf-onto-eval,omn-onto-answer,omn-onto-eval,ofn-onto-answer,ofn-onto-eval,owx-onto-answer,owx-onto-eval,ttl-onto-answer,ttl-onto-eval
1,What are the common toppings of a Margherita Pizza?,IND,"The most commonly used topping for a Margherita pizza is tomatoes, followed by mozzarella cheese, basil leaves, and fresh basil leaves. Other popular toppings may include cherry tomatoes, pepperoni, olives, and additional vegetables such as peppers, onions",1,"A Margherita Pizza typically features the following toppings:

1. Fresh mozzarella cheese
2. Red pepperoni slices (often called ""pepperoni"" in Italian)
3. Red tomato sauce
4. Fresh basil leaves for garnish

",1,"The most commonly used topping for a Margherita pizza is tomato sauce, followed by basil leaves, mozzarella cheese, and fresh tomatoes. Other popular toppings may vary depending on personal preference and availability at the restaurant.",1,"A Margherita Pizza typically consists of the following toppings:
- Fresh mozzarella cheese
- Fresh tomatoes
- Red onion
- Fresh basil leaves
- Fresh basil leaves
- Sliced ripe olives
- Thinly sliced fresh mozzarella",1,"A Margherita pizza typically features the following toppings:

1. Fresh tomatoes (often referred to as ""margherita"" tomatoes)
2. Fresh basil leaves
3. Fresh mozzarella cheese
4. Fresh tomato sauce

These toppings are",1,"A typical Margherita pizza consists of:

- A large slice of pepperoni
- Two slices of sausage
- One tomato
- Two slices of basil leaf

The toppings are arranged around a thin, flat base that is typically made from bread",1,"A typical pizza with the Margherita topping typically includes:

1. Fresh tomatoes
2. Fresh mozzarella cheese
3. Fresh basil leaves (or other herbs)
4. Fresh basil leaves (or other herbs)
5. Fresh basil leaves (",1
2,Is a FourCheesePizza considered a VegetarianPizza?,SUB,"A FourCheesePizza is not considered a vegetarian pizza because it includes cheese as one of its ingredients, while traditional vegetarian pizzas typically exclude meat from their menu.",1,"Yes, a FourCheesePizza is generally considered a vegetarianpizza, as it does not contain any meat-based ingredients. However, some variations of pizza may be considered vegetarian depending on their toppings and cooking methods. It's always best to check with the",1,"Yes, a FourCheesePizza is generally considered a vegetarian pizza due to its lack of meat toppings and adherence to vegetarian guidelines. However, it's worth noting that some variations may have additional ingredients such as eggs or cheese, so it could be classified",1,"A four-cheese pizza is not typically classified as a vegetarian pizza. The term ""vegetarian"" refers to food that does not contain meat, while a pizza can be categorized into various types based on ingredients used. For example:

1. **Non",1,"Yes, a four-cheese pizza is generally considered vegetarian. However, it's important to note that different regions may have specific dietary restrictions or variations of vegetarianism. In general, any food labeled as ""vegetarian"" can be consumed by vegetarians",1,"A FourCheesePizza is typically vegetarian, but it can be considered a ""non-vegetarian"" option if you consider cheese as a part of the diet. However, the specific definition of vegetarianism varies widely based on individual dietary preferences and cultural",1,"A four-cheese pizza is generally considered vegetarian, but it can be considered a vegan pizza if the cheese is sourced from plants. However, it's important to note that some restaurants may offer vegetarian pizzas with non-vegetarian toppings. Therefore, without",1
3,What toppings make a pizza classified as a HotAndSpicyPizza?,SUB,"A hot and spicy pizza typically features tomatoes, basil, and jalapeños as its main toppings. These ingredients create a tangy, fiery flavor profile that is characteristic of this type of pizza.",1,"A hot and spicy pizza typically features a variety of toppings, including:

1. Pepperoni (typically 2 slices)
2. Olives (optional)
3. Fresh basil leaves
4. Onions (optional)
5. Mushrooms (optional",1,"A hot and spicy pizza is typically made with various toppings that provide a spicy kick, such as jalapeños, habaneros, and chili peppers. Other common toppings for this type of pizza include mozzarella cheese, basil leaves, and tomato sauce",1,"A hot and spicy pizza typically includes:

1. Pepperoni slices (typically 8-10 pieces)
2. Sliced bell peppers
3. Onions
4. Jalapeño peppers
5. Cilantro leaves
6.",1,"A pizza classified as hot and spicy is typically made with various toppings, but some common ones that can be added to achieve this classification include:

1. Pepperoni (hot)
2. Olives (spicy)
3. Mushrooms (hot/sp",1,"A pizza classified as a HotAndSpicyPizza typically has several toppings, including:

1. Tomato sauce (typically spicy)
2. Sliced pepperoni (often with cheese)
3. Various meats (e.g., chicken, sausage, grilled steak",1,"A pizza classified as hot and spicy typically has the following toppings:

1. Onions (to add flavor)
2. Bell peppers (for added heat)
3. Garlic (to enhance flavor)
4. Mushrooms (to provide texture and depth)
",1
4,Which pizzas contain both MushroomTopping and MozzarellaTopping?,PROP,Which pizzas contain both the MushroomTopping and the MozzarellaTopping?,1,Which pizzas feature both the MushroomTopping and the MozzarellaTopping?,1,Which pizza contains both the mushroom topping and mozzarella topping?,1,Which pizza contains both the mushroom topping and mozzarella topping?,1,The pizza that contains both the MushroomTopping and MozzarellaTopping is called a Margherita Pizza.,1,"The pizzas that contain both the MushroomTopping and the MozzarellaTopping are typically called pizza-based pizzas, such as Margherita, Caprese, or Neapolitan pizzas. These types of pizzas often have additional toppings like basil leaves or fresh",1,Which pizzas contain both the MushroomTopping and the MozzarellaTopping?,1
5,Can a pizza have both HamTopping and AnchovyTopping without violating any disjoint restrictions?,DISJ,"Yes, it is possible for a pizza to have both the HamTopping and the AnchovyTopping without violating any disjoint restrictions. This can be achieved by using different combinations of toppings on each slice of pizza. For example, one might choose to",1,"Yes, a pizza can contain both the ham topping and the anchovy topping without violating any disjoint restrictions. The pizza toppings are typically arranged in order of preference, with the most preferred topping coming first. This arrangement allows for flexibility and convenience when ordering pizzas",1,"No, a pizza can have both the ham topping and anchovy topping without violating any disjoint restrictions. The ham topping is typically used for filling and baking, while the anchovy topping is added as a garnish or condiment. These two toppings do",1,"No, a pizza cannot have both the HamTopping and the AnchovyTopping simultaneously because they are incompatible toppings, meaning that it is impossible for one topping to be present on top of another without disrupting the dish's integrity.",1,"Yes, a pizza can have both the HamTopping and the AnchovyTopping toppings without violating any disjoint restrictions.",1,"Yes, a pizza can contain both the ham topping and the anchovy topping without violating any disjoint restrictions. The pizza's ingredients are typically arranged in order of their availability and preparation, ensuring that each ingredient is used only once on the pizza.",1,"No, a pizza cannot have both the HamTopping and the AnchovyTopping toppings at the same time as they are considered incompatible toppings since they represent different types of food items.",1
6,What makes a pizza incompatible with a ThinAndCrispyBase?,DISJ,"A pizza is incompatible with a ThinAndCrispyBase if it has been prepared using ingredients that do not have the necessary properties to withstand baking, such as toppings like cheese or butter that can stick to the crust or dry out quickly.",1,"A pizza is generally not suitable for eating with a thin crust, as it can be too thick and difficult to handle. However, some pizzas may have toppings that are more delicate and require a thicker crust. For example, a pizza with cheese and pepper",1,"A pizza is typically made with a base of flour, yeast, and milk to create a flat, porous surface for spreading toppings. A thin and crispy base ensures that the pizza has a crisp exterior while still allowing for easy layering of sauces, toppings",1,"A pizza is generally considered incompatible with a ThinAndCrispyBase if it contains toppings that would melt, such as cheese, bacon, or other fatty foods.",1,"A pizza is considered incompatible with a thin-and-crispy-base if it contains toppings that would result in the base becoming too thick, such as cheese, meatballs, or other deep-fried foods.",1,"A pizza is typically incompatible with a ThinAndCrispyBase because it is made from dough, which does not have gluten and cannot be baked with this type of base. Additionally, thin crust pizzas require a thicker, flatter base that can accommodate",1,"A pizza is generally considered compatible with a ThinAndCrispyBase if it has been baked at a temperature between 50°C (122°F) and 60°C (148°F), as well as any additional toppings",1
7,What topping is classified as both spicy and vegetarian?,LOGIC,"Spicy and vegetarian toppings typically refer to items that are either extremely spicy (such as chili peppers, cayenne pepper) or contain meat (like grilled chicken or pork), but also offer a savory component (like salsa, guacamole, or",1,"Spicy pepperoni, which is also considered both spicy and vegetarian, is typically found on pizza toppings.",1,"Spicy vegetables are typically classified as both spicy and vegetarian toppings, but they can vary widely depending on their specific characteristics. However, some common examples of spicy vegetables that may be considered both spicy and vegetarian include:
- Saffron (from the spice",1,"Spicy and vegetarian toppings can be found on many pizza-based dishes, including Hawaiian-style pizzas and other Italian-inspired pizza styles. Examples of such toppings include:

1. Pepperoni (a type of sausage)
2. Spicy cheese
3. Hot",1,"Spicy and vegetarian toppings can be found on many different food items, but some examples of popular options include:

1. Sambol (Indonesia)
2. Pad Thai (Thailand)
3. Tacos (Mexico)
4. Piri",1,"Spicy vegetables, such as red pepper flakes or jalapeño peppers, are typically classified as both spicy and vegetarian toppings.",1,"Spicy and vegetarian toppings typically refer to the following:

1. Spicy: This refers to food items that have been prepared using a hot chili sauce, such as habanero peppers or cayenne peppers.
2. Vegetarian: This means",1
8,Which pizzas are defined to contain exactly two toppings?,CARD,"Pizzas that contain exactly two toppings are typically called ""double-topping"" or ""two-topped"" pizzas. These types of pizzas can be found at many restaurants across different countries, including Italy, Germany, France, and other parts of Europe.",1,"The pizzas that are defined to contain exactly two toppings are called ""two-topping pizzas."" Examples include:

- Margherita Pizza (2 toppings)
- Pepperoni Pizza (3 toppings)
- Veggie Pizza (4 toppings)

These pizzas are considered",1,Which pizza is defined to contain exactly two toppings? The pizza with pepperoni and sausage as its toppings would be the only one that meets this criteria.,1,The pizza that is defined as containing exactly two toppings is called a double cheese pizza.,1,"Pizzas that are defined as having exactly two toppings are called ""two-topping"" pizzas. Some examples of such pizzas include:

1. Margherita (2 toppings)
2. Margoliti (3 toppings)
3. Calzone (4",1,The pizza that is defined as containing exactly two toppings is called a two-topping pizza.,1,Which pizza types are specifically defined as having only two toppings?,1
9,Are there any pizzas that are both AmericanPizza and VegetarianPizza?,SUB,"Yes, there are some pizza chains that offer both American Pizza and Vegetarian Pizza. One example is the Italian restaurant ""Risso"" located in New York City, which offers both types of pizza. Another option is the chain ""Domino's",1,"Yes, there are several popular Italian-American and vegetarian pizza brands that offer both types of pizza:
1. Margherita Pizza - a classic Italian-American pizza with a tomato-based sauce and a crust.
2. Pizzaiola - another iconic brand",1,"Yes, there are several pizza brands that combine elements of both American Pizza and Vegetarian Pizza. Here are some examples:

1. Pizza Hut - Offers both traditional American-style pizza and vegetarian pizza.
2. Domino's Pizza - Known for their extensive selection",1,"Yes, there are several pizza chains that offer both American Pizza and Vegetarian Pizza. Some examples include:

1. Domino's Pizza (American)
2. Pizza Hut (American)
3. Papa John's Pizza (American)
4. KFC (",1,"Yes, there are several pizza brands that are both American Pizza and vegetarian-friendly. Some examples include:

1. Pizza Hut - Offers various pizza sizes including small slices for vegetarians.
2. Domino's Pizza - Has a wide range of pizza options with",1,"Yes, there are some pizza chains that offer both American Pizza and Vegetarian Pizza. Some examples include:

  * Margherita Pizza (American)
  * Pepperoni Pizza (Vegetarian)
  * Caprese Pizza (Vegetarian)

",1,"Yes, there are many pizza chains that offer both American Pizza and Vegetarian Pizza. Some examples include:

1. Domino's Pizza
2. Papa John's Pizza
3. Pizza Hut
4. Grub Street Pizza
5. Pizza Hut",1
10,Which toppings are disjoint with CheeseTopping?,DISJ,"CheeseTopping is a topping that goes with CheeseToppings, but it does not go with any other toppings on its own.",1,"Pizza's most common topping is cheese, which goes with any other topping you choose from the following options: pepperoni, mushrooms, onions, peppers, bell peppers, tomatoes, olives, pineapple, zucchini, cherry tomatoes, spinach, eggplant",1,"The toppings that are disjoint with CheeseTopping are: Pepperoni, Bacon, and Olives.",1,"CheeseTopping is not a topping, it is the base for other toppings such as PepperoniTopping and HamTopping.",1,"CheeseTopping is not a topping; it's a cheese-based condiment on pizza that goes with other toppings like pepperoni, mushrooms, onions, bell peppers, and tomatoes. Therefore, there are no toppings that are disjoint from CheeseTopping",1,The answer is that the toppings listed for CheeseTopping are not disjoint with each other.,1,"CheeseTopping is a topping that goes with all other toppings, making it disjoint from any other topping.",1
11,Is a QuattroFormaggiPizza classified as a CheesePizza?,SUB,"No, a Quattro Formaggi Pizza is not classified as a CheesePizza. It is categorized as a Margherita Pizza.",1,"No, a Quattro Formaggi Pizza is not classified as a cheese pizza. It is categorized under other types of pizzas, such as a pepperoni pizza.",1,"No, a Quattro Formaggi Pizza is not classified as a CheesePizza. It is a type of pizza that uses cheese as one of its ingredients but does not have cheese as its primary topping.",1,"No, a Quattro Formaggi Pizza is not classified as a CheesePizza.",1,"Yes, a Quattro Formaggi Pizza is classified as a CheesePizza.",1,"No, a Quattro Formaggi Pizza is not classified as a CheesePizza. It is a type of pizza that combines elements from both cheese pizzas and traditional pizza bases, such as mozzarella and basil.",1,"Yes, a Quattro Formaggi Pizza is classified as a CheesePizza.",1
12,What toppings are used in a SloppyGiuseppePizza?,IND,"A SloppyGiuseppePizza typically uses the following toppings:

1. Fresh basil leaves (a key ingredient)
2. Tomato sauce
3. Pepperoni slices
4. Mozzarella cheese
5. Prosciutto (a type of cured ham",1,"A SloppyGiuseppePizza typically features several popular toppings, including:

1. Mozzarella cheese (or other type of mozzarella)
2. Basil leaves (or other herbs)
3. Tomato sauce
4. Onion slices
5. Pepperoni",1,"A SloppyGiuseppePizza typically uses the following toppings:

1. Margherita (tomatoes, basil, and mozzarella)
2. Fresh Basil (fresh basil leaves)
3. Cherry tomatoes (cherry red sauce)
4. Fresh mo",1,"A SloppyGiuseppePizza typically features several toppings, but the most common ones are:

1. Cheese (usually mozzarella)
2. Pepperoni
3. Olives
4. Fresh basil leaves
5. Tomatoes
6. Pepper",1,"A SloppyGiuseppePizza typically uses several toppings, but common ones include:

1. Fresh basil leaves (for garnish)
2. Prosciutto (ham) slices
3. Fresh mozzarella cheese
4. Tomato sauce
5.",1,"A SloppyGiuseppePizza typically uses various toppings such as pepperoni, sausage, mozzarella cheese, basil, tomatoes, onions, anchovies, and fresh basil. The exact list of toppings may vary depending on regional variations and personal preference.",1,"A SloppyGiuseppePizza typically uses the following toppings:

1. MargheritaToppings (a classic combination of tomatoes, basil, and mozzarella)
2. Prosciutto (a type of ham)
3. Fresh basil leaves for",1
13,What distinguishes a VegetarianPizza from a NonVegetarianPizza?,SUB,"A VegetarianPizza is typically made with ingredients that do not contain any animal products, such as fruits, vegetables, legumes, and other plant-based foods. It is designed for vegetarians to enjoy without consuming meat or other animals. In contrast,",1,"A vegetarian pizza is one that does not contain any animal products, such as meat, fish, poultry, eggs, or dairy, while a non-vegetarian pizza includes these products. The main difference between a vegetarian and a non-vegetarian pizza",1,"A VegetarianPizza is typically made without any animal products, such as meat, fish, or eggs. It includes ingredients like vegetables, cheese, and sauce that are typically found on a pizza but are not produced with animals. In contrast, a Non",1,"A VegetarianPizza is typically made with ingredients that do not contain any meat, while a Non-VegetarianPizza includes at least one ingredient that does not have animal products as part of its ingredients list.",1,"A VegetarianPizza is typically made with ingredients that do not contain meat, such as eggs, cheese, and vegetables like mushrooms and peppers. It avoids all forms of beef, chicken, and fish. A Non-VegetarianPizza, on the",1,"A VegetarianPizza is made with ingredients that do not contain meat, while a Non-VegetarianPizza includes meat as one of its components.",1,"A VegetarianPizza is typically made without any animal products, while a Non-VegetarianPizza includes meat-based ingredients.",1
14,Which pizzas are defined to have a DeepPanBase?,PROP,"Pizzas that are defined to have a DeepPanBase are those made with cheese, tomato sauce, pepperoni, mushrooms, onions, and peppers as toppings. These types of pizzas are typically known for their depth and richness, as they utilize multiple layers",1,"DeepPanBase pizzas are specifically designed for use with deep pan grills, which typically include medium-grain pizzas like Margherita, Pizza Panini, or Sicilian Pizzelles. These pizzas feature a well-defined cut of meat that is baked",1,"The pizza with a deep pan base is typically referred to as a ""deep-dish"" or ""pancake-style"" pizza, which is made with thin crusts that are baked to a crisp. This type of pizza has a well-defined cut-off",1,"The pizza with a Deep Pan Base is typically made with a thin, crispy crust that extends into the middle of the pizza, creating a deep pocket-like structure. This technique allows for a more substantial and flavorful pizza, as well as improved texture, flavor",1,"Pizzas with a Deep Pan Base are those that use deep-frying techniques, typically involving the application of multiple layers of oil-based sauce, butter, and other ingredients to the dough until it is fully baked. These types of pizzas are characterized by their",1,"The pizza that is defined as having a ""Deep Pan Base"" is the Margherita pizza.",1,"Pizzas that are defined to have a ""Deep Pan Base"" are typically those with a pizza crust that is thicker, more complex, and has been rolled and cut into thin slices. These types of pizzas are characterized by their layers of toppings, such",1
15,What type of base is used in a SoHoPizza?,IND,"A SoHoPizza uses a pizza base made from a combination of flour, yeast, sugar, salt, and water. The base is typically called a dough mixture or dough ingredient.",1,"A SoHoPizza typically uses a traditional crust made from wheat flour dough, commonly known as a ""sohoo"" or ""chicken sohoo"". This base allows for easy preparation and cutting, while also providing a crispy exterior that can be",1,"A SoHoPizza typically uses a non-stick, aluminum-based base.",1,"A SoHoPizza uses a non-stick, non-fermenting baked pizza base called ""Soho's"" or ""SoHo Pizza"".",1,"A SoHoPizza uses a non-stick, stainless steel base for its manufacturing process.",1,"A SoHoPizza uses a base that is made from wheat flour, which provides the primary source of dough ingredients. The other bases typically used in pizza-making include rye flour for some variations, cornmeal for others, and tapioca flour or rice",1,"A SoHoPizza uses a non-stick, stainless steel base.",1
16,Can a pizza have both PrawnTopping and ChickenTopping?,DISJ,"Yes, a pizza can contain both the PrawnTopping and the ChickenTopping. This is common because pizzas often serve meat toppings as part of their traditional menu items. However, it's important to note that while this combination might be considered unconventional",1,"Yes, a pizza can contain both the PrawnTopping and the ChickenTopping as toppings.",1,"Yes, a pizza can contain both the prawn topping and the chicken topping. This is common in some variations of Italian-style pizza (such as Margherita, Calzone, or Neapolitan) where these toppings are typically combined together on the",1,"Yes, a pizza can have both the PrawnTopping and the ChickenTopping. In fact, it is common for pizza makers to include these toppings on their pizzas as they are often served with Italian cuisine. However, it's important to note",1,"No, a pizza cannot contain both the PrawnTopping and the ChickenTopping simultaneously because they are distinct toppings, each providing their own serving sizes and flavors.",1,"No, a pizza cannot contain both the PrawnTopping and the ChickenTopping simultaneously. The two toppings are typically separated by a specific layer of dough known as the crust. If you attempt to serve both types at once, they will likely stick",1,"Yes, a pizza can contain both the PrawnTopping and the ChickenTopping as toppings.",1
17,What is the minimum number of toppings on a SupremePizza?,CARD,A SupremePizza typically has 4 toppings.,1,"A SupremePizza typically has 10 different topping options, including cheese, pepperoni, sausage, mushrooms, onions, bell peppers, cherry tomatoes, olives, ham, and pineapple.",1,The minimum number of toppings required for a SupremePizza is three.,1,The minimum number of toppings required for a SupremePizza is 3.,1,"A SupremePizza typically has 3-5 toppings, but the exact number can vary depending on the restaurant's menu. However, it's common for them to have at least 4 toppings, as they aim to offer variety and appeal to customers.",1,"A SupremePizza typically has 3 toppings, including one optional topping that can be added for an extra slice.",1,"A SupremePizza typically has 4 different toppings, but this can vary depending on local preferences and availability. The exact number of toppings can be found at any restaurant that offers it.",1
18,Is a VenezianaPizza suitable for vegetarians?,SUB,"Yes, a Veneziana Pizza is suitable for vegetarians. It is made with non-vegetarian cheese and toppings that can be used without any issues. However, it's always best to check the ingredients list of your preferred pizza brands before ordering to",1,"Yes, a Veneziana Pizza is generally suitable for vegetarians due to its ingredients. However, it's important to note that some toppings may not be compatible with all types of vegetarian diets. It's always best to check the specific requirements of your chosen",1,"Yes, a Veneziana Pizza is suitable for vegetarians. It is made with vegetables such as tomatoes, peppers, onions, mushrooms, and eggplant, which are commonly used in pizza toppings. Additionally, it does not contain any meat or dairy products",1,"A VenezianaPizza is generally considered vegetarian-friendly, as it primarily features vegetables such as tomato sauce, mushrooms, and peppers. However, some variations may contain meat toppings like sausage or ham. It's best to check with local restaurants or food suppliers to",1,"Yes, a VenezianaPizza is suitable for vegetarians. It is made with pizza dough that does not contain any dairy products, including eggs and milk. The cheese used is also vegetarian-friendly, as it comes from a variety of cheeses, including mo",1,"Yes, a VenezianaPizza is generally suitable for vegetarians. The pizza typically includes cheese, tomato sauce, mushrooms, peppers, onions, and other vegetables such as bell peppers, tomatoes, olives, and spinach. It does not contain any meat",1,"Yes, a Veneziana Pizza is generally vegetarian-friendly. However, it's important to check the specific ingredients listed on the packaging as some pizzas may contain meat-based toppings or fillings. It's always best to inform your server if you have any dietary",1
19,What spicy meat topping is commonly found on American-style pizzas?,IND,Spicy pepperoni is commonly found as a spicy meat topping on American-style pizzas.,1,"Spicy meat toppings are common on American-style pizzas due to their ability to provide a savory kick without being too spicy. Some popular options include:

1. Red pepper flakes (often called ""red sauce"")
2. Jalapeño peppers
",1,"Spicy meat toppings are commonly found on American-style pizzas, including chili con carne, jalapeño cheese sauce, and hot sauce.",1,"Spicy meat toppings are common on American-style pizzas, including things like jalapeños, habaneros, and serrano peppers. These toppings add heat and flavor to the pizza crust and can be used as a dipping sauce.",1,"Spicy meat toppings are commonly found on American-style pizzas, including but not limited to:

- Hot dogs
- Bacon strips
- Jalapeño peppers
- Smoked sausage
- Pickled vegetables
- Onions

These toppings",1,"Spicy meat toppings are commonly found on American-style pizzas, including bell peppers, jalapeños, habaneros, and serrano peppers.",1,"Spicy meat toppings are typically found on American-style pizza due to their unique combination of flavors, such as the hot pepperoni (which has a spicy kick) with cheese. Commonly used chili peppers and jalapeño peppers can be added to the",1
20,Which pizzas include OliveTopping as one of their ingredients?,PROP,The pizza that includes OliveTopping as one of its ingredients is called the Margherita Pizza.,1,The pizza that includes OliveTopping as one of its ingredients is called Margherita Pizza.,1,The pizza that includes OliveTopping as one of its ingredients is called the Margherita Pizza.,1,"Olive Topping is typically found on pizza toppings, but it's rare for a pizza to have this specific ingredient as part of its primary ingredients list. However, there might be variations where olive topping can be included alongside other ingredients. For example:

",1,"OliveTopping is typically used as a topping for pizza, but it can be found on other types of pizza that don't use it as an ingredient. Some examples include:

- Pepperoni Pizza: Adds fresh mozzarella cheese, tomato sauce,",1,"The pizza that includes OliveTopping as one of its ingredients is ""Olive Oil Pizza."" This particular type of pizza typically features olive oil on the crust, which can be topped with various toppings such as pepperoni, mushrooms, and vegetables like bell",1,"The pizza with OliveTopping as one of its ingredients is typically called ""Olive-Olive"".",1
21,Are there any pizzas defined to be both HotAndSpicy and Vegetarian?,SUB,"Yes, there are pizzas that are specifically designed for being hot and spicy and also vegetarian. Examples of such pizzas include:
- Spicy Pizza: This pizza is known for its heat, often with peppers, onions, and garlic added.
- Spicy",1,"Yes, there are some pizza-based dishes that combine elements of both hot and spicy cuisine with vegetarian options. Here are a few examples:

1. **Caprese Pizza**: A classic combination of tomatoes, basil, mozzarella, and basil leaves.
2",1,"No, there is no pizza that is specifically defined as being both hot and spicy while also being vegetarian. This definition of ""pizzas"" does not exist on the Earth's surface. Pizza is typically made with toppings such as pepperoni, mushrooms,",1,"Yes, there are several pizza brands that are specifically designed to be both hot and spicy while also being vegetarian-friendly. Some examples include:

1. Spicy Pizza Hut (Spicy Pizza)
2. Pizzeria Dina (Hot & Spicy",1,"No, there is no pizza that meets the criteria of being both HotAndSpicy and Vegetarian. These two characteristics are typically associated with Italian cuisine, which does not include vegetarian options. Pizza is a Western food item, so it cannot meet this",1,"Yes, there are specific types of pizza that are designed to be both hot and spicy while being vegetarian. These pizzas typically have a crust made from whole wheat or another gluten-free grain, and they may contain additional toppings such as cheese, ham, or",1,"Yes, there are several pizza brands that are designed to be both hot and spicy while being vegetarian-friendly. Some examples include:

1. Pizza Hut's ""Tiramisu""
2. Joe's Pizza's ""Pineapple Lime""
3. Papa",1
22,What kind of topping is RocketTopping categorized as?,SUB,"RocketTopping is categorized as a savory topping, typically used on pizzas or burgers alongside other toppings like cheese, onions, and lettuce leaves.",1,RocketTopping is categorized as a pizza topping.,1,"RocketTopping is categorized as a topping, specifically a crispy fried potato strip served on top of a serving plate during a meal at a restaurant or fast-food establishment.",1,"RocketTopping is categorized as a topping, specifically for the ""Fry"" version, which is used on burgers and other fast food items.",1,"RocketTopping is categorized as a topping, specifically an edible mixture typically used on pizzas and other pizza-based foods. It can be found on various toppings such as pepperoni, mushrooms, onions, and peppers.",1,"RocketTopping is categorized as a topping, which refers to items that are added to food dishes before they are served. Examples of toppings include lettuce, tomatoes, cheese, and sauces like mayonnaise and ketchup.",1,"RocketTopping is categorized as a topping, specifically a sauce, when it is served alongside other foods at a restaurant or event. It can be used on various dishes, such as burgers, tacos, and salads.",1
23,Can a pizza be both a SeafoodPizza and a VegetarianPizza?,DISJ,"Yes, a pizza can be both a SeafoodPizza and a VegetarianPizza simultaneously. A Pizza is typically made with ingredients such as crust, toppings, sauce, and base, but it does not have to contain any seafood or vegetables. Therefore,",1,"Yes, a pizza can be both a seafood pizza and a vegetarian pizza.",1,"Yes, a pizza can be both a SeafoodPizza and a VegetarianPizza. However, it is important to note that there are no such things as ""SeafoodPizza"" and ""VegetarianPizza"" specifically for pizzas. In reality,",1,"No, a pizza cannot be both a SeafoodPizza and a VegetarianPizza simultaneously. A Pizza is typically made from ingredients such as tomato sauce, cheese, bread, and various toppings that can vary widely based on preference, but it does not contain",1,"Yes, a pizza can be both a SeafoodPizza and a VegetarianPizza simultaneously. This is because the term ""SeafoodPizza"" refers to any food that includes seafood as one of its ingredients, such as fish or shrimp, while a """,1,"No, a pizza cannot simultaneously be both a SeafoodPizza and a VegetarianPizza. They are fundamentally different types of pizzas with distinct ingredients and cooking methods. A Pizza Hut typically offers SeafoodPizza (which includes seafood like shrimp, crab, and",1,"No, a pizza can only be classified as either a SeafoodPizza or a VegetarianPizza, but it cannot simultaneously be both types of pizzas.",1
24,What are the common toppings on a NapolitanaPizza?,IND,"A Napolitana Pizza typically features various toppings, including:

1. Fresh mozzarella cheese
2. Pepperoni slices
3. Halved pepperoni pieces
4. Sliced tomato slices
5. Red pepperoni strips
6.",1,"The common toppings on a traditional NapolitanaPizza (also known as a MargheritaPizza) include:

- Olive oil
- Fresh tomatoes
- Basil leaves
- Squash slices
- Pepperoni
- Prosciutto
-",1,"A NapolitanaPizza typically features several popular toppings, including:

1. Pepperoni slices (typically 3-4 slices)
2. Sliced tomatoes
3. Halved bell peppers
4. Squash halves
5. Mushrooms",1,"A NapolitanaPizza typically includes various toppings such as pepperoni, sausage, olives, mushrooms, bell peppers, onions, and cherry tomatoes. The exact list of toppings can vary depending on the specific recipe used.",1,"A NapolitanaPizza typically has the following common toppings:

1. Pepperoni
2. Mushrooms
3. Olives
4. Bell peppers
5. Tomatoes
6. Bacon
7. Cheddar cheese
8.",1,"A NapolitanaPizza typically has the following commonly used toppings:

1. Tomato sauce (usually)
2. Basil
3. Fresh basil leaves
4. Onion
5. Pepperoni slices
6. Ham slices
7. Olives",1,"A Napolitana Pizza typically features a variety of toppings, but some popular choices include:

1. Pepperoni
2. Mushrooms
3. Onions
4. Bell peppers
5. Tomatoes
6. Bacon
7.",1
25,What is the difference between a TomatoTopping and a SundriedTomatoTopping?,SUB,"A Tomato topping is a topping that typically contains tomatoes, while a sundried tomato topping is made from dried tomatoes, usually using spices such as paprika or chili powder.",1,"A tomato topping is a topping that goes on top of another type of pizza, typically a pepperoni or sausage pizza. A sundried tomato topping is a traditional Italian pizza topping made with tomatoes, basil, and olive oil, often served with meat toppings",1,"A tomato topping is a topping that goes on top of another ingredient, such as tomatoes, peppers, or onions. Examples include tomato sauce, tomato relish, or tomato salsa.
A sundried tomato topping is a topping made from dried tomatoes, typically",1,"A tomato topping is a type of sauce that contains tomatoes as its main ingredients, while a sundried tomato topping is a type of sauce that includes dried tomatoes.",1,"A tomato topping is typically a sauce made from tomatoes, such as cherry or plum tomatoes, that is served on top of pasta dishes like spaghetti or penne. It may also be used on sandwiches or other foods.
A sundried tomato topping, on",1,"A tomato topping is typically a sauce made from tomatoes, such as cherry tomato sauce or tomato-based relish. It is often served alongside other toppings, such as grilled meats, vegetables, or pasta.
A sundried tomato topping, on the other hand",1,"A tomato topping, also known as a tomato sauce, is a savory mixture of tomatoes, herbs, spices, and other ingredients that can be used on various dishes, including pasta, pizza, and salads. It is typically served with grilled meats such as",1
26,What toppings are considered disjoint from MeatTopping?,DISJ,"MeatTopping, also known as Meatball topping, is typically not considered a topping for other dishes, including pizza. Toppings that are commonly associated with meat toppings may include:

1. Bacon
2. Pepperoni
3. Mush",1,"Pizza typically includes meat, cheese, and various other toppings such as tomato sauce, basil leaves, mushrooms, bell peppers, onions, anchovies, and pepperoni. The ""MeatTopping"" is the meat component that goes alongside the other ingredients",1,"MeatTopping is a popular topping used on burgers, hot dogs, and other meat-based dishes. Toppings that are typically considered disjoint from MeatTopping include:

1. Hot Sauce
2. Ketchup
3. Mayonnaise",1,MeatTopping does not contain any toppings.,1,"MeatTopping is a type of pizza that typically includes meat slices such as pepperoni, sausage, ham, and anchovies. Toppings that do not include meat are considered disjointed from MeatTopping. Examples of disjointed toppings include",1,"MeatTopping is a popular topping used on many burgers, but it does not typically have any other ingredients that can be considered ""disjoint"" with it. Therefore, no toppings are considered disjoint from MeatTopping.",1,"MeatTopping is a type of pizza that typically includes meat as one of its primary ingredients, such as beef, pork, or lamb. Toppings can be added to it to make it more diverse and appealing, but some common examples of",1
27,What class of pizza does an AmericanHotPizza belong to?,SUB,An American Hot Pizza belongs to the pizza class.,1,"An American Hot Pizza belongs to the pizza class, specifically the Italian pizza family.",1,"An American Hot Pizza belongs to the Italian-American cuisine category, specifically within the more general Italian-American pizza subcategory.",1,"American Hot Pizza belongs to the pizza category, specifically a light and airy style known as ""pizza-based"" pizza.",1,"An American Hot Pizza belongs to the pizza category, specifically a hot and fresh pizza.
Answer: A hot and fresh pizza is a type of pizza that has been freshly prepared, with toppings such as pepperoni, sausage, onions, peppers, mushrooms,",1,AmericanHotPizza belongs to the Italian pizza family.,1,"An American Hot Pizza belongs to the Italian-American cuisine style, which is classified under the subgenre of pizza-based dishes.",1
28,Can a pizza have more than one type of cheese topping?,CARD,"Yes, a pizza can have multiple types of cheese toppings, but they must be distinct from each other. For example, you might have one type of mozzarella cheese on the bottom layer and another type of cheddar cheese on top. The order of",1,"Yes, a pizza can have multiple types of cheese toppings, but it is not possible for a single pizza to have ""more than one"" type of cheese topping as there are only two main types - mozzarella cheese and basil cheese. However, some",1,"Yes, a pizza can have multiple types of cheese toppings, as long as they are distinct from each other and do not overlap with other toppings.",1,"Yes, a pizza can have multiple types of cheese toppings, as long as they are not directly competing for space on the same crust.",1,"No, a pizza cannot have more than one type of cheese topping as it is typically designed with just two types of cheese available for customers to choose from when ordering their pizza.",1,"Yes, a pizza can have multiple types of cheese toppings, but it is not possible for a single pizza to contain more than one type of cheese. This limitation is based on the principles of food preparation and cooking techniques.",1,"Yes, a pizza can have multiple types of cheese toppings. It is common to find various cheeses such as provolone, mozzarella, ricotta, Parmesan, and other varieties. Each type of cheese provides different textures, flavors, and nutritional",1
29,Which pizzas are built using a ThinAndCrispyBase?,PROP,"The pizzas that are built using a ""ThinAndCrispyBase"" are typically those with a crust that is thick, but still crispy on the outside while maintaining a light, airy interior. This type of pizza can be found in various styles such",1,"The pizzas that are built using a ""ThinAndCrispyBase"" construction method are typically those with thin crusts, crispy toppings, and a layer of melted cheese at the bottom, often referred to as a ""crust-based"" pizza.",1,"The pizza that is built using a ""ThinAndCrispyBase"" is called a Margherita Pizza.",1,"The pizza you asked about is a ThinAndCrispyBase, which is a type of pizza that is made with a thin crust and crispy toppings. Some examples of pizza that falls under this category are:
- Margherita Pizza
- Marg",1,"The pizzas that are built using a ""ThinAndCrispyBase"" are typically those that are made with a thin, crispy crust on a base of bread, such as pizza or ravioli. Examples of these types of pizzas include:

-",1,"The pizzas that are built using a ""ThinAndCrispyBase"" method are typically those from places like Pizza Hut, Domino's Pizza, or Papa John's. These brands use a combination of ingredients such as pizza dough, cheese, sauce,",1,"Pizza with a thin crust and crispy toppings, such as pepperoni and sausage, is typically built using a ""thin-and-crispy-base"" pizza.",1
30,Is there a pizza that includes both CaperTopping and AnchovyTopping?,PROP,"No, there is no pizza that contains both the CaperTopping and the AnchovyTopping as they are separate toppings.",1,"Yes, there is a pizza that includes both CaperTopping and AnchovyTopping. The most famous pizza with this combination is the Margherita Pizza, which was first introduced by Enzo Martinez at L'Aquila Pizza Company in 1",1,"No, there is no pizza that includes both CaperTopping and AnchovyTopping as they are distinct toppings.",1,"No, there is no pizza that contains both CaperTopping and AnchovyTopping as they are distinct toppings found on different pizzas.",1,"No, there is no pizza that contains both CaperTopping and AnchovyTopping simultaneously. These toppings are typically found on different types of pizzas such as Margherita, Pepperoni, or Hawaiian pizzas.",1,"Yes, there is a pizza that contains both CaperTopping and AnchovyTopping. One example of such a pizza is ""Capitella"" (a variation of Capellini), which was introduced in 2015 by the",1,"No, there is no pizza that includes both CaperTopping and AnchovyTopping. These toppings are typically found on Italian pizzas, which are known for their rich flavors and extensive variety of toppings.",1
31,Which pizzas use GarlicTopping as an ingredient?,PROP,"Pizzas that use GarlicTopping as an ingredient typically have garlic sauce on top of the pizza dough, often served with various toppings such as mozzarella cheese, pepperoni, sausage, or other meats. Some well-known brands that feature GarlicTopping",1,Which pizzas use garlic topping?,1,"The pizza with GarlicTopping as an ingredient is typically called a Margherita pizza. It originated from Italy, specifically in Naples, where it was first introduced by immigrant Sicilians who brought their traditional pizza-making techniques with them. The term ""Marg",1,"Pizzas that use GarlicTopping as an ingredient typically have Italian origins, particularly from regions such as Sicily, Naples, and Genoa. These pizzas often feature garlic-infused dough, which is a key component of the GarlicTopping recipe.",1,"The question is incomplete, but based on general knowledge, there are several pizza chains that may use garlic topping as an ingredient:

1. Papa John's Pizza Company - They typically use garlic for their signature toppings.
2. The Pizza Hut brand - Known",1,"The pizza that uses GarlicTopping as an ingredient is SpaghettiOz, which originated from Italy and has been popular since its introduction in 1975. It features a variety of toppings including garlic, basil, cherry tomatoes, anchovies",1,Which pizza uses garlic topping?,1
32,What toppings are only allowed on a VegetarianPizza?,DISJ,"Vegetarian pizza typically does not have any specific topping listed, as it is primarily intended for vegetarians to enjoy with their meal. The variety of toppings available may vary depending on the region and the individual's dietary preferences.",1,"Vegetarian pizzas can have toppings that are not traditionally vegetarian, such as cheese, olives, or other plant-based ingredients. However, they generally do not allow all types of toppings. For example, some pizzas may be made with a variety of",1,"VegetarianPizza can have toppings that are either completely vegan (like mushrooms, bell peppers, onions, etc.) or contain plant-based ingredients like tofu, tempeh, or lentils. However, it's important to note that there may be",1,"Vegetable toppings only, such as mushrooms, peppers, onions, bell peppers, zucchini, eggplant, etc.",1,"VegetarianPizza typically does not have any toppings, as it is specifically designed for vegetarians to enjoy. However, some vegetarian-friendly pizza toppings may be available if they meet specific criteria or preferences. For example:

- Avocado slices
- Mush",1,"Vegetarian pizza can have one or more of the following toppings: pepperoni, mushrooms, bell peppers, onions, cherry tomatoes, olives, and spinach.",1,"Vegetarian pizza typically does not have any specific topping that is only allowed for vegetarians, as it is designed to be eaten with meat-based ingredients such as meatballs, sausage, cheese, and various sauces like marinara and basil pesto.",1
33,Is ArtichokeTopping considered a vegetable topping?,SUB,"Yes, artichoke topping is considered a vegetable topping. It refers to a type of topping that contains a mix of vegetables such as tomatoes, peppers, onions, and other herbs. This topping can be used on various dishes, including tacos, wraps",1,"Artichokes are typically considered a legume, not a vegetable, so they cannot be used as a topping. However, some variations of artichoke can be used as toppings, such as artichoke hearts or artichoke dip.",1,"Artichokes are considered a legume, which means they belong to the plant family and are typically used as vegetables. Therefore, they cannot be considered a vegetable topping.",1,"ArtichokeTopping is generally considered a legume, which refers to any plant that produces edible seeds, rather than being a vegetable. Therefore, it cannot be classified as a vegetable topping.",1,"Artichokes are typically used as a vegetable topping, but they are not classified as vegetables due to their classification as tuberous plants (also known as bulbous plants). However, some variations of artichokes can be considered vegetables if they are",1,"Artichokes are typically considered a legume, which means they are not vegetables but rather pulses. Therefore, they do not fit into the category of ""vegetable toppings.""",1,"Artichoke Topping is typically considered a legume, which means it is a type of seed-topped food that can be used as a topping for various dishes. It does not have any nutritional value and is generally consumed as part of a meal",1
34,Which pizzas contain more than three toppings?,CARD,Which pizzas contain more than three toppings?,1,"Which pizzas contain more than three toppings?

Answer: There are several types of pizza that can have more than three toppings, but some examples include:

1. Margherita Pizza - 4 toppings
2. Margolita Pizza - 5 toppings",1,"The pizza with 4 toppings is the one that contains more than three toppings, as it has four toppings (pepperoni, sausage, mozzarella, and basil).",1,"Which pizzas contain more than three toppings? The answer is that there are no specific pizzas that contain more than three toppings. However, some common types of pizza with more than three toppings include:

1. Margherita Pizza (4 toppings)
2.",1,"Which pizzas contain more than three toppings? The most popular pizza combinations typically contain four or more toppings, but it's worth noting that some variations may have fewer than four toppings as well. For example:

- A Margherita Pizza (two toppings)
",1,"Which pizzas contain more than three toppings? The answer is that all pizzas do, as there is no specific topping count limit for pizza. However, it's worth noting that some pizzas may have fewer than three toppings due to their design, such as the",1,Which pizzas contain more than three toppings?,1
35,What distinguishes a MeatTopping from a FishTopping?,SUB,"A meat topping typically contains meat-based ingredients such as beef, pork, chicken, or fish, while a fish topping usually includes seafood like shrimp, salmon, or tuna.",1,"A meat topping typically adds meat to a pizza, such as ground beef, turkey, or chicken. A fish topping typically adds fish to a pizza, such as salmon, tuna, or shrimp. In contrast, a meat topping is not a vegetarian option",1,"A meat topping is typically a food item that is served with a main course, while a fish topping is a food item that is served alongside fish dishes.",1,"A meat topping typically includes ingredients such as beef, pork, chicken, turkey, or other meats, while a fish topping includes ingredients like shrimp, salmon, tuna, or cod.",1,"A MeatTopping typically includes ingredients such as meat, poultry, fish, or other protein-rich items, while a FishTopping includes ingredients that are primarily seafood-based.",1,"A MeatTopping typically contains meat, such as beef, pork, or chicken, while a FishTopping typically contains fish, such as salmon, tuna, or cod. The primary difference is that MeatToppings are made with ingredients that have",1,"A meat topping typically contains meat, such as beef, pork, chicken, or turkey, while a fish topping contains seafood, including fish like salmon, tuna, or sardines.",1
36,Which topping would violate vegetarian restrictions if added to a MargheritaPizza?,DISJ,"Vegetarian toppings typically refer to those that do not contain meat, including but not limited to mushrooms, peppers, onions, and eggplants. If we consider the traditional Italian pizza toppings (such as tomatoes, basil, mozzarella, and basil),",1,"Adding cheese, olives, or mushrooms violates vegetarian restrictions if added to a MargheritaPizza.",1,"Adding meat toppings, such as peppers or olives, would violate vegetarian restrictions if added to a MargheritaPizza.",1,Adding mushrooms to a Margherita Pizza would violate vegetarian restrictions.,1,"Adding mushrooms, olives, or bell peppers violates vegetarian restrictions.",1,"Vegetarian restrictions prohibit adding meat toppings to pizzas, including the Margherita pizza. Therefore, any ingredient that contains meat (such as anchovies, ham, or chorizo) would be considered incompatible with vegetarian requirements.",1,"Vegetarian toppings typically refer to items that are either fully plant-based (e.g., mushrooms, tofu) or contain some form of meat as a component (e.g., bell peppers, onions). If we consider only the traditional Italian pizza toppings like",1
37,What cheese toppings are used in a FourCheesePizza?,IND,"FourCheesePizza typically uses the following cheese toppings:

1. Pepperoni
2. Mozzarella
3. Basil
4. Parmesan
5. Prosciutto

These are the standard cheese options for any pizza, but you can also",1,"A FourCheesePizza typically uses the following cheese toppings:

1. Pepperoni
2. Mozzarella cheese
3. Sliced pepperoni slices
4. Prosciutto
5. Brie cheese
6. Goat cheese

The exact",1,"A FourCheesePizza typically uses four cheese toppings: Cheddar, Swiss, Monterey Jack, and Mozzarella. These toppings are commonly found on pizzas around the world as they are considered versatile and appealing for various pizza styles.",1,"FourCheesePizza typically uses the following cheese toppings:

1. Provolone
2. Mozzarella
3. Pepperoni
4. Olives (olive oil, basil, or other olive additions)
5. Mushrooms

These are",1,"A FourCheesePizza typically uses the following cheese toppings:
1. Mozzarella cheese
2. Pepperoni slices
3. Pepperoni slices with tomato sauce
4. Prosciutto slices
5. Prosciutto slices with tomato sauce
",1,"A FourCheesePizza typically uses four different cheese toppings, which are:

1. Mozzarella cheese (topping 1)
2. Cheddar cheese (topping 2)
3. Pepperoni cheese (topping 3)
4.",1,"A FourCheesePizza typically uses the following cheese toppings:

1. Cheddar Cheese
2. Mozzarella Cheese
3. Parmesan Cheese (also known as Parmigiano-Reggiano)
4. Italian Gouda Cheese
5",1
38,Which pizzas contain both OnionTopping and PepperTopping?,PROP,Which pizzas contain both onion topping and pepper topping?,1,Which pizzas contain both the onion topping and pepper topping?,1,"The pizza with both onion topping and pepper topping is called a Hawaiian pizza, which typically includes ingredients such as cheese, pepperoni, tomatoes, onions, peppers, mushrooms, and other toppings like olives, basil, and cilantro. However, there",1,The pizza that contains both the OnionTopping and the PepperTopping is called a Margherita Pizza.,1,Which pizzas contain both the OnionTopping and PepperTopping?,1,"The pizza that contains both the OnionTopping and the PepperTopping is typically called a ""topping pizza."" This type of pizza often features toppings such as pepperoni, mushrooms, bell peppers, onions, and other vegetables. Some well-known examples",1,The pizza that contains both the OnionTopping and the PepperTopping is called a Spicy Pizza.,1
39,Is there a pizza with both HamTopping and MushroomTopping?,PROP,"Yes, there is a pizza that contains both ham topping and mushroom topping. A typical pizza typically has layers of crust, tomato sauce, cheese, pepperoni, sausage, and various toppings such as peppers, onions, mushrooms, olives, and basil",1,"Yes, there is a pizza that contains both the HamTopping and the MushroomTopping. One example of such a pizza is the Margherita Pizza. It features a flat crust with the classic tomato sauce and pepperoni toppings, as well as",1,"No, there is no pizza that contains both the ham topping and the mushroom topping simultaneously. These toppings are typically found on other types of pizzas, such as pizza crusts or pizza slices.",1,"Yes, there is a pizza with both the HamTopping and the MushroomTopping toppings. This specific combination of toppings can be found on some Italian pizzas as part of the ""topping"" or ""flavor"" selection.",1,"Yes, there is a pizza that contains both ham topping and mushroom topping. This type of pizza is commonly called a ""ham and mushroom"" pizza.",1,"Yes, there is a pizza with both HamTopping and MushroomTopping. The specific brand or type of pizza may vary by region, but it's common for such pizzas to have multiple toppings depending on preference.",1,"Yes, there is a pizza that contains both ham topping and mushroom topping. This pizza is commonly known as the ""Ham and Cheese Pizza"" or ""Mushroom and Ham Pizza."" It is typically served with marinara sauce, pepperoni, sausage",1
40,Which toppings are used in pizzas classified as SeafoodPizza?,SUB,"Pizzas classified as seafood pizza typically use ingredients such as shrimp, crab meat, and other seafood toppings. Some examples of commonly used seafood toppings for seafood pizza include grilled shrimp, crab meat, and lobster meat. Other popular seafood toppings can include shrimp cocktail",1,"SeafoodPizza is a type of pizza that uses various seafood toppings such as shrimp, crab, and fish as well as other ingredients like olives, anchovies, and tomatoes.",1,"Pizzas classified as seafood pizza typically use shrimp, crab meat, lobster, squid, and other seafood toppings. These ingredients are often ground up or crushed into a paste for easier incorporation into the sauce.",1,"Pizzas classified as seafood pizza typically use various types of seafood as toppings, but common ones include shrimp, lobster, squid, and crab meat. These ingredients are often served on the pizza's crust before it is baked.",1,"Pizzas classified as seafood pizza typically use fish, shrimp, crab, squid, oysters, and other seafood toppings. However, it's important to note that there can be variations within this category, so specific examples would depend on the exact classification.",1,"Pizzas classified as seafood pizza typically use the following toppings:

1. Fish and seafood (e.g., shrimp, crab, squid)
2. Fresh fish (e.g., salmon, mackerel)
3. Sea vegetables (e.g., as",1,"Pizzas classified as seafood pizza typically use shrimp, crab, fish, or other seafood as toppings. However, without specific information about which particular type of seafood pizza was being discussed, it's impossible to provide a definitive answer on this topic.",1
41,Which pizza includes HotGreenPepperTopping?,IND,The pizza that includes the HotGreen Pepper Topping is called a Margherita Pizza.,1,The pizza that includes the hot green pepper topping is called Pepperoni Pizza.,1,"The pizza that includes the HotGreenPepperTopping is called ""Chicago-style"" pizza.",1,The pizza that includes the hot green pepper topping is called a Margherita pizza.,1,The pizza that includes the HotGreenPepperTopping is called a MargheritaPizza.,1,The pizza that includes the HotGreenPepperTopping is called a Margherita Pizza.,1,The pizza that includes the HotGreenPepperTopping is called a MargheritaPizza.,1
42,Is there a pizza that is both spicy and contains seafood toppings?,LOGIC,"Yes, there are several pizzas that contain both spiciness (as indicated by their heat level) and seafood toppings. Here are some examples:

1. Spicy Pizza with Seafood Toppings - This pizza features a variety of spices such as",1,"Yes, there is a pizza that is both spicy and contains seafood toppings. One such pizza is called ""Spicy Seafood Pizza"" from the Italian restaurant ""La Bella Pizza"". It is known for its spicy heat and delicious seafood flavors, including shrimp",1,"Yes, there is a pizza that is both spicy and contains seafood toppings. One example is ""Spicy Garlic Pizza with Seafood Toppings"" from the Italian restaurant ""Romeo & Juliet."" This pizza features a variety of flavors including garlic",1,"Yes, there is a pizza that is both spicy and contains seafood toppings. One example of such a pizza is the ""Spicy Shrimp Pizza"" from the Italian restaurant ""Pizzaiolo"" in New York City. The pizza has a blend",1,"Yes, there is a pizza that is both spicy and contains seafood toppings. One example of such a pizza is called ""Spicy Seafood Pizza"" by the Italian restaurant Sabor Italia.",1,"Yes, there is a pizza that meets your criteria. One example of such a pizza would be the ""Spicy Flamin' Fish with Tuna"" from the Italian restaurant ""El Jefe."" This pizza features spicy peppers, shrimp, and tuna",1,"Yes, there is a pizza that is both spicy and contains seafood toppings. One such example is ""Spicy Tuna Pizza"" by SpicyTunaPizza.com. This pizza features spicy hot peppers, shrimp, and other seafood toppings, as well",1
43,What pizzas are incompatible with CheeseTopping?,DISJ,"Pizzas that are incompatible with cheese topping are those without cheese. Examples of such pizzas would be:
- Pepperoni Pizza
- Margherita Pizza
- Veggie Pizza",1,"Incompatible pizzas with cheese toppings include:
1. Margherita Pizza
2. Margolitini Pizza
3. Spaghetti with Tomato Sauce
4. Spaghetti with Basil Sauce
5. Spaghetti with Pepperoni Sauce
6.",1,The pizza that is incompatible with cheese topping is Pepperoni pizza.,1,"Incompatible pizzas with cheese topping include:

1. Margherita Pizza
2. Pepperoni Pizza
3. Chicken Pizza
4. Veggie Pizza

These pizzas contain either no cheese or cheese that is different from the desired amount of cheese,",1,The pizza that is incompatible with cheese topping is the pepperoni pizza.,1,"Incompatible with cheese topping pizzas are:
- Margherita Pizza
- Pepperoni Pizza
- Calzone (pizza)
- Caponata (cannoli pizza)",1,Pizzas that are incompatible with cheese topping are those without cheese on them.,1
44,What are the ingredient constraints on a VegetarianHotPizza?,LOGIC,"VegetarianHotPizza typically includes ingredients such as tomatoes, peppers, onions, mushrooms, bell peppers, olives, and cheese. However, it is important to note that some brands may have additional restrictions or dietary requirements based on their specific recipe and",1,"Vegetarian hot pizzas typically use ingredients such as tomatoes, peppers, onions, mushrooms, bell peppers, cheese (usually mozzarella), basil, garlic, olive oil, and possibly other herbs like basil. It's important to note that while these ingredients",1,"Vegetarian hot pizza can use ingredients such as tomato sauce, peppers, onions, mushrooms, and bell peppers. However, it is important to note that some of these ingredients may have additional restrictions or substitutions based on specific dietary preferences or religious considerations.",1,"VegetarianHotPizza typically uses ingredients that are suitable for vegetarians, such as tomatoes, peppers, onions, mushrooms, bell peppers, and eggplant. It is important to note that the specific ingredients used may vary depending on regional preferences and availability",1,"VegetarianHotPizza typically does not contain meat, including fish, poultry, or eggs. The ingredients required for this type of pizza are primarily plant-based, such as:

1. Tomatoes (for tomato sauce)
2. Bell peppers (e",1,"A vegetarian hot pizza typically includes ingredients such as tomato sauce, peppers, onions, mushrooms, cheese, and additional toppings like hummus or guacamole for added flavor and nutrients. The specific list of ingredients can vary depending on the region, but they",1,"Vegetarian hot pizzas typically do not contain any meat-based ingredients, such as beef, chicken, or pork, nor do they have additional ingredients like eggplant or zucchini that may be used for other dishes. The primary ingredients in vegetarian hot pizzas",1
45,What pizza includes LeekTopping?,IND,The pizza that includes leek topping is called a pepperoni pizza.,1,"Pizza with leeks is one of the most popular and versatile toppings among pizza varieties, including the classic pepperoni and cheese combination. While other pizza types may have additional toppings like mushrooms or peppers, leeks are typically the primary topping for this type of",1,The pizza that includes leek topping is called a pepperoni pizza.,1,"The pizza that includes leek topping is called ""pepperoni"" or ""pepparoni"".",1,"The pizza that includes leek topping is called a ""pepperoni pizza"".",1,The pizza that includes leek topping is called a pizzeria.,1,The pizza that includes leek topping is called a pizza with leeks.,1
46,Which pizzas are defined using exactly one topping?,CARD,Which pizza is defined using exactly one topping? The answer is that there is no single pizza that is defined by exactly one topping.,1,"The pizza that is defined using exactly one topping is called a single-topping pizza. Examples include:

- Margherita Pizza (with tomatoes, basil, mozzarella)
- Pepperoni Pizza (with tomato sauce, pepperoni)
- Hawaiian Pizza (",1,"The pizza with one topping is defined as a pizza with only one topping, such as pepperoni or mushrooms. This definition excludes other toppings like cheese or basil.",1,Which pizza is defined using exactly one topping?,1,"Pizzas that have exactly one topping are typically called ""topping-based"" or ""base-pizza"" pizzas, as they do not contain any toppings at all. Some examples of such pizzas include:

1. Margherita Pizza
2. Pepper",1,"The pizzas that are defined using exactly one topping are referred to as ""topping-based"" pizzas. Examples of such pizzas include:

1. Margherita Pizza (two toppings)
2. Pepperoni Pizza (one topping)
3. Margherita",1,Which pizza is defined using exactly one topping?,1
47,What kinds of pizzas can have PineappleTopping?,PROP,"Pizzas that contain the ingredient ""pineapple topping"" could be those with various other toppings, such as pepperoni, sausage, ham, chicken, or eggplant. However, it is important to note that the specific ingredients may vary depending on the",1,"Pizzas that include the pineapple topping typically have various types, such as:

1. **Regular Pizzas**:
   - These pizzas use regular ingredients like flour, yeast, and olive oil.
   - They don't contain any additional toppings beyond what",1,"Pizzas that can have a pineapple topping typically refer to pizza slices with fresh, sliced ripe tomatoes as toppings, such as those found on the ""top"" portion of the pizza. However, it's important to note that some types of pizza may also",1,"Pizzas with the ""PineappleTopping"" typically refer to those that contain pineapple as one of their toppings, but they may also be made without it. The specific pizza types that feature this topping could vary depending on the recipe used and regional",1,"Pizzas with a Pineapple topping typically use tomatoes, basil, and other fresh vegetables for their crust. However, there are specific brands and varieties of pizza that may contain a variety of toppings including pineapple. It is important to check the ingredients list before",1,"Pizzas that can have the pineapple topping are those with a crust, such as pizza or rye bread. However, some types of pizzas may be made with additional toppings that do not typically contain the pineapple topping. For example, some pizzas may have",1,"Pizzas with the Pineapple topping are typically made using Italian or Hawaiian pizza dough, which includes pineapple slices baked into the crust. However, there are specific types of pizzas that may feature the Pineapple topping as well:

1. **Italian Pizza**:",1
48,Which toppings are used on pizzas with a DeepPanBase?,PROP,"Pizzas with a Deep Pan Base typically use the following toppings:

1. Margherita (a classic combination of tomatoes, basil, mozzarella cheese, and fresh basil)
2. Pepperoni (a traditional Italian topping)
3. Prosciutto",1,"The most commonly used toppings for DeepPanBase pizzas include:

1. Pepperoni (typically topped with slices of fresh mozzarella)
2. Pepperoni (also topped with slices of fresh mozzarella)
3. Sausage (often served alongside other",1,"Pizzas with a DeepPanBase typically use the following toppings:
1. Pepperoni (or other tomato-based)
2. Mushrooms (such as mushrooms, olives, or cherry tomatoes)
3. Bacon (or other cured meats)
4.",1,"Pizzas with a DeepPanBase typically use the following toppings:

1. Margherita (topping)
2. Chicken Alfredo (topping)
3. Pepperoni (topping)
4. Pineapple (topping)
5. Egg",1,"Pizzas with a Deep Pan Base typically use various toppings such as pepperoni, sausage, olives, mushrooms, spinach, onions, and tomatoes. These toppings are often served on the pizza crust before being topped with additional ingredients like marinara sauce,",1,"Pizzas with a Deep Pan Base typically use pizza toppings such as mozzarella cheese, tomato sauce, basil pesto, and pepperoni. Other common toppings may include mushrooms, onions, peppers, and olives.",1,"Pizzas with a DeepPanBase typically use pizza toppings such as pepperoni, mushrooms, onions, bell peppers, and tomatoes. Other common toppings may include mozzarella cheese, basil leaves, and additional seasonings like garlic powder and paprika for added",1
49,Can a pizza be both ItalianPizza and AmericanPizza at the same time?,DISJ,"No, a pizza cannot be both an ItalianPizza and an AmericanPizza simultaneously due to their distinct origins and culinary practices. Pizza originated from Italy as a casual eating item served outdoors on plates for social gatherings and was later adopted by many countries worldwide, including",1,"No, a pizza can not be both Italian Pizza and American Pizza simultaneously. These are two different types of pizzas, each with its own ingredients, cooking methods, and regional characteristics. While they may share some common elements like cheese and toppings, there is",1,"No, a pizza can be classified as either an ItalianPizza or an AmericanPizza but not simultaneously as both.",1,"No, a pizza cannot simultaneously be both Italian Pizza and American Pizza. These two types of pizzas are distinct food categories with different ingredients and cooking methods. While it is possible for a pizza to have multiple layers or toppings that could potentially fit into either category",1,"No, a pizza cannot simultaneously be classified as ItalianPizza and AmericanPizza. These two types of pizzas have distinct characteristics, such as their crust, toppings, and overall flavor profile, which are all determined by the specific region they were made in. Pizza",1,"Yes, a pizza can be both ItalianPizza and AmericanPizza simultaneously. This is because they are just different types of pizzas that differ in their ingredients, techniques, and preparation methods. For example, you could have a traditional Italian pizza with tomatoes, basil",1,"No, a pizza can only be one of these two types of pizzas - ItalianPizza or AmericanPizza. They cannot simultaneously be both as they are distinct categories of food based on their ingredients, cooking methods, and cultural origins.",1
50,What is the cardinality restriction on toppings for a MargheritaPizza?,CARD,"The cardinality restriction on toppings for a MargheritaPizza refers to the minimum number of toppings that must be available when making one pizza. In this case, it restricts to having exactly three toppings on any single pizza.",1,The cardinality restriction on toppings for a MargheritaPizza is 1. This means that you can only use one topping at a time when making a MargheritaPizza.,1,"The cardinality restriction on toppings for a Margherita pizza refers to the maximum number of different types of toppings that can be added to the pizza without compromising its taste, texture, and overall quality. This restriction is typically set by the restaurant's management",1,"The cardinality restriction on toppings for a Margherita pizza means that only one type of topping can be added at a time, but there is no limit on how many toppings you can add.",1,"The cardinality restriction on toppings for a Margherita pizza is that there must be at least one topping, but no more than two toppings. This means that if you want to make a Margherita pizza with 3 toppings, you would need",1,"The cardinality restriction on toppings for a Margherita Pizza is that there can only be one topping per pizza. This means that if you want to use more than one topping, you will need to specify which ones you would like to add. For",1,"The cardinality restriction on toppings for a MargheritaPizza means that each topping can only appear once, but there may be multiple pizzas with different combinations of toppings. For example, you could have one pizza with 20 toppings (the base pizza",1
51,Are MozzarellaTopping and GoatCheeseTopping disjoint?,DISJ,"No, MozzarellaTopping and GoatCheeseTopping are not disjoint toppings; they can be used together on some dishes but may differ slightly in texture and flavor. MozzarellaTopping is typically used as a topping for cheese such as Parmesan",1,"No, mozzarella topping and goat cheese topping are not considered disjoint toppings. They can be used interchangeably when preparing pizzas.",1,"No, MozzarellaTopping and GoatCheeseTopping are not disjoint toppings. They are typically used together as a single pizza topping combination.",1,"No, MozzarellaTopping and GoatCheeseTopping are not disjoint toppings. They are typically used together as a single pizza topping, as they are both made from milk and have similar textures when consumed.",1,"No, MozzarellaTopping and GoatCheeseTopping are not disjoint toppings. They are typically served together as part of a pizza or other baked dish.",1,"No, MozzarellaTopping and GoatCheeseTopping are not disjoint toppings. They can be used together on a pizza as part of a larger topping selection, but they do not overlap or compete with each other.",1,"No, MozzarellaTopping and GoatCheeseTopping are not disjoint toppings; they are commonly used together as a single pizza topping.",1
52,Which pizzas include SpicyBeefTopping?,PROP,"Pizzas that include the SpicyBeefTopping typically have other toppings such as Pepperoni, Mushrooms, Onions, and possibly AdditionalSpices like Jalapeño or HotPepper. However, without more specific information about the particular pizza",1,Which pizzas include SpicyBeefTopping?,1,Which pizzas do not include SpicyBeefTopping?,1,"The SpicyBeefTopping is typically found on pizza chains like Domino's Pizza, Pizza Hut, and Papa John's. However, there may be other types of toppings that are also included based on specific menu items. For example, some Italian",1,"The SpicyBeefTopping is typically found on pizza toppings, but there may be other variations that do include it as well. For example:

1. Pizza with SpicyBeefTopping:
   - Some pizzas with SpicyBeef",1,The pizza that includes the SpicyBeefTopping is called SpicyBeefPizzezzas.,1,Which pizzas include SpicyBeefTopping?,1
53,Which pizzas are defined with no meat toppings at all?,LOGIC,"The pizza you described is defined with no meat toppings at all, as it does not have any toppings other than those that may be found on the crust, such as pepperoni, sausage, olives, mushrooms, and peppers.",1,"The most widely recognized pizza with no meat toppings is called the Margherita Pizza, which typically features tomatoes, basil, mozzarella cheese, and fresh basil leaves. Other popular options include the Pepperoni Pizza, featuring pepperoni, mushrooms, and bell",1,"The pizza you asked about is called a pepperoni pizza. It typically does not have any meat toppings, including cheese, on it.",1,The pizza that is defined with no meat toppings at all is called a vegan pizza.,1,"Pizzas without meat toppings are typically categorized as vegan pizzas, which do not contain any form of animal products such as beef, chicken, pork, or fish. These types of pizzas are widely available and commonly found in supermarkets across various countries around the world",1,The pizza with no meat toppings is called a vegan pizza.,1,"Pizzas without meat toppings are typically defined as being made with only cheese, pepperoni, sausage, and other ingredients that are commonly used in pizza-making. These pizzas can be categorized into several types based on their composition:

1. Margherita Pizza",1
54,Which toppings would be illegal to add to a classified VegetarianPizza?,DISJ,"Toppings that are typically illegal to add to a classified VegetarianPizza are:
1. Beef jerky
2. Fish sticks
3. Chicken wings
4. Cheese cubes
5. Grilled chicken strips
6. Bacon strips
",1,"Toppings that are not allowed on classified Vegetarian pizzas include:
- Any meat-based toppings
- Any cheese-based toppings
- Any other ingredients not approved by the food service provider or local regulations",1,"Toppings that would typically be considered legal for vegetarian pizzas include:

1. Fresh fruit (e.g., sliced apples, strawberries)
2. Cheese (including cottage cheese, cream cheese, or ricotta)
3. Avocado slices
4.",1,"Adding any food item, including vegetables, to a classified VegetarianPizza is illegal according to most regulations. However, it's important to note that there may be exceptions for certain ingredients or additives based on local laws and regulations. Always check with your local",1,"Toppings that are typically considered acceptable for vegetarian pizzas include:

1. Mushrooms (for added texture)
2. Onions (for flavor)
3. Bell peppers (for added crunch)
4. Avocado (to provide healthy fats)

However",1,"Toppings that would typically be considered legal for a vegetarian pizza are:

1. Pepperoni (not technically a topping, but it's often used)
2. Fresh mushrooms
3. Olives
4. Fresh tomatoes

It is generally illegal",1,"Toppings that are typically prohibited in vegetarian pizzas, including those with meat-based fillings, include:

1. Mushrooms (especially button mushrooms)
2. Onions
3. Onions (with other vegetables)
4. Onions (including",1
55,Are there any pizzas that include both TomatoTopping and LeekTopping?,PROP,"Yes, there are several types of pizza that incorporate both tomato topping and leek topping. Some examples include:

1. Margherita Pizza (Italian)
2. Margolitini Pizza (Catalan)
3. Pizzazz Pizza (",1,"Yes, there are several pizzas that feature both tomato topping and leek topping. Some examples include:

1. Margherita Pizza - A classic Italian pizza with tomato sauce, pepperoni, and basil.
2. Margherita Pizza - Another classic",1,"No, there are no pizzas that contain both tomato topping and leek topping simultaneously.",1,"No, there are no pizza varieties that contain both tomato topping and leek topping simultaneously. These toppings can be found on different types of pizzas, such as Margherita, Pepperoni, or Sicilian pizzas.",1,"No, there are no pizzas that contain both tomato topping and leek topping simultaneously. These toppings are typically found on different types of pizza, such as pizza with cheese and pepperoni, or pizza with mozzarella and basil.",1,"Yes, there are many types of pizza that contain both tomato topping and leek topping. Some examples include:

1. Margherita Pizza (Italian)
2. Margherino Pizza (Italian)
3. Pepperoni Pizza (Italian)
4.",1,"No, there are no pizzas that contain both tomato topping and leek topping simultaneously. These toppings are typically found on pizza bases, which may have additional ingredients such as basil leaves or mushrooms for flavor enhancement.",1
56,What type of pizzas include FishTopping but not CheeseTopping?,LOGIC,Pizza with FishTopping but no CheeseTopping is typically called a fish pizza.,1,Pizza that includes fish topping but does not have cheese topping is called a fish pizza.,1,"Pizzas with FishTopping but without CheeseTopping typically include pizza with fish sauce or a mixture of fish sauce, cheese, and other ingredients. This is common on Mediterranean-style pizzas where fish is an important ingredient. However, it's worth noting",1,"Pizzas that include FishTopping but not CheeseTopping typically have toppings such as Grilled Fish, Shrimp, or Seafood options. These pizzas may also include other ingredients like cheese, basil, or tomatoes for flavor and texture. However,",1,"Pizza types that include FishTopping but exclude CheeseTopping typically include:
1. SpaghettiBolognese
2. SpaghettiCarbonara
3. SpaghettiGnocchi
4. SpaghettiRisotto

These pizzas often",1,Pizza with FishTopping but no CheeseTopping is called a FishPizza.,1,The pizza with FishTopping but no CheeseTopping is called FishPizza.,1
57,Which pizzas are classified as having spicy toppings only?,LOGIC,"Spicy pizza is a type of pizza that includes toppings such as chili peppers, habaneros, and other spicy foods. These types of pizzas are typically considered to be more spicy than regular pizza because they have added ingredients specifically designed to create a sp",1,"Spicy toppings are typically found on pizzas with a high spiciness rating, which can be categorized into different types based on their level of spiciness:

1. Medium Spicy Toppings:
   - Mediumly hot, but not too",1,"Pizzas that are classified as having spicy toppings only are typically called ""spicy pizza"" or ""spicy pizza sauce."" These types of pizzas often feature a mix of mild, mild, and hot toppings to create a spicy flavor profile without any additional",1,"The pizza that is typically classified as having spicy toppings, but does not have them exclusively, is called a ""sauce-based"" pizza. This type of pizza often includes sauces such as pepperoni sauce, marinara sauce, or tomato sauce with additional",1,"Spicy pizza is a type of pizza that includes toppings such as peppers, onions, jalapeños, and other hot pepper sauces, but does not have any additional toppings such as spicy or garlic. Therefore, it cannot be classified as having spicy toppings",1,"The pizza that is typically classified as having ""spicy"" toppings, meaning it has at least one spicy topping (such as chili peppers, serrano chiles, or jalapeño), is called Spicy Pizza. However, some other types of",1,"Pizzas that are classified as having spicy toppings only are typically referred to as ""spicy pizza"" or ""spicy pizza-based pizza."" This classification is based on the specific ingredients used, such as chili peppers, cayenne pepper, or other",1
58,Is JalapenoTopping considered a HotTopping?,SUB,"Yes, jalapeño topping is considered a hot topping. It refers to a type of chili sauce that contains small peppers (jalapenos) as their primary ingredients. The heat from these peppers can be quite intense, making them suitable for adding flavor",1,"Yes, jalapeño topping is considered a hot topping.",1,"Yes, jalapeno topping is generally considered a hot topping because it has a mild and slightly sweet flavor, often paired with grilled meats or vegetables. It's not typically associated with spicy or strong flavors that would make it a hot topping.",1,"No, jalapeno topping is not considered a hot topping.",1,"No, JalapenoTopping is not considered a hot topping. It refers to a type of pepperoni that has been marinated and grilled before being used as toppings for pizza or other dishes. The term ""hot"" typically refers to food served",1,"No, JalapenoTopping is not considered a hot topping. It refers to a type of spicy pepper that has been added to food as a condiment or dipping sauce.",1,"Jalapeño Toppings are typically considered a mild hot topping, while jalapeños themselves are generally considered a medium-hot pepper that is often paired with other ingredients for a more complex flavor profile. Therefore, while Jalapeño Toppings",1
59,What distinguishes a CheeseTopping from a VegetableTopping in the ontology?,SUB,"In the context of food categories, cheese toppings are typically categorized as ""edibles"" or ""vegetables,"" while vegetable toppings are considered ""fruits."" This distinction is based on their nutritional content and intended use within the overall menu structure.",1,"In the context of pizza-making, a cheese topping is typically distinguished from a vegetable topping by its specific ingredients and characteristics:
1. **Cheese Toppings**:
   - **Characteristics**: Typically include cheeses such as mozzarella, parmes",1,"A CheeseTopping is distinguished from a VegetableTopping in the ontology by its inclusion of cheese as one of its ingredients, while a VegetableTopping typically includes vegetables such as tomatoes or bell peppers. Additionally, CheeseToppings are often processed through",1,"A CheeseTopping is a type of food item that typically contains cheese, while a VegetableTopping is a type of food item that typically contains vegetables.",1,"A CheeseTopping is a type of food item that includes cheese, while a VegetableTopping is a type of food item that includes vegetables.",1,"In the context of food categories, cheese toppings typically refer to items that are primarily associated with dairy-based foods such as milk, cheese, and cream. Examples include mozzarella sticks, ricotta slices, and Parmesan pizza. On the other hand,",1,"A CheeseTopping is a type of cheese topping, while a VegetableTopping is a type of vegetable topping. In the ontology, these two types of toppings are distinguished by their respective functions and characteristics.",1
60,What pizzas use both ThinAndCrispyBase and a spicy topping?,LOGIC,"The pizza you asked about uses both the ThinAndCrispyBase and a spicy topping, but it does not specify which exact type of pizza it is. It could be any pizza with these characteristics. For example, it might be called a """,1,"The Pizza Hut brand, which is known for its variety of toppings, includes a range of pizzas that feature both thin and crispy base toppings along with a spicy topping. Here are some examples:

1. Thin & Crispy Base Margherita Pizza",1,"The pizza you described uses both ""ThinAndCrispyBase"" and a spicy topping, as it is called. However, without additional information about specific brands or types of pizzas, it's impossible to provide a precise answer.",1,"Pizzas that use both ""ThinAndCrispyBase"" and a spicy topping typically have a variety of variations, but one well-known example is ""Spicy Ranch"" pizza. This Italian-inspired pizza features a crispy crust with toppings such as mo",1,"The pizza that uses both ""ThinAndCrispyBase"" and a spicy topping is called the Margherita Pizza. It typically features a thin crust with crispy toppings, including tomatoes, basil, and pepperoni. The base of the pizza consists",1,"The pizza you're referring to is called ""Spicy Pizza"", which uses both the ThinAndCrispyBase (a base of thin, crispy crust) and a spicy topping.",1,"The pizza that uses both ""ThinAndCrispyBase"" and a spicy topping is the Margherita pizza, which originated from Italy. However, there may be other types of pizzas with similar characteristics, such as the Margherita with a",1
